{
    "client": "Thunder Client",
    "collectionName": "Workflow",
    "dateExported": "2023-07-12T03:12:35.705Z",
    "version": "1.1",
    "folders": [],
    "requests": [
        {
            "_id": "c2b9ba0d-d48e-4a58-bbfe-3bf236b833e5",
            "colId": "bb5ef299-621f-4196-9836-c4662bd88e33",
            "containerId": "",
            "name": "StartWorkflow",
            "url": "/transactions",
            "method": "POST",
            "sortNum": 10000,
            "created": "2023-07-11T21:01:34.328Z",
            "modified": "2023-07-12T03:08:55.216Z",
            "headers": [],
            "params": [],
            "body": {
                "type": "json",
                "raw": "{\n  \"txnID\": 4,\n  \"filename\": \"approval.yaml\",\n  \"action\": \"start\"\n}",
                "form": []
            },
            "tests": []
        },
        {
            "_id": "0e6513f5-d7d5-4a88-965a-6f15ff90defa",
            "colId": "bb5ef299-621f-4196-9836-c4662bd88e33",
            "containerId": "",
            "name": "Approve",
            "url": "/transactions",
            "method": "POST",
            "sortNum": 20000,
            "created": "2023-07-11T21:51:56.543Z",
            "modified": "2023-07-12T03:12:15.117Z",
            "headers": [],
            "params": [],
            "body": {
                "type": "json",
                "raw": "{\n  \"txnID\": 4,\n  \"action\": \"approve\",\n  \"activity\": {\n    \"runID\": \"64625237-af3d-4cd8-9716-97d0f2878789\",\n    \"activityID\": \"11\"\n  }\n}",
                "form": []
            },
            "tests": []
        },
        {
            "_id": "9255c6ce-473c-493b-b7f6-78d8ebfb4606",
            "colId": "bb5ef299-621f-4196-9836-c4662bd88e33",
            "containerId": "",
            "name": "Query",
            "url": "/transactions/4",
            "method": "GET",
            "sortNum": 20000,
            "created": "2023-07-12T03:06:58.963Z",
            "modified": "2023-07-12T03:10:31.001Z",
            "headers": [],
            "params": [],
            "tests": []
        },
        {
            "_id": "59027a69-ac67-4f6d-aa92-4a5864890467",
            "colId": "bb5ef299-621f-4196-9836-c4662bd88e33",
            "containerId": "",
            "name": "Decline",
            "url": "/transactions",
            "method": "POST",
            "sortNum": 30000,
            "created": "2023-07-11T21:52:09.714Z",
            "modified": "2023-07-12T03:08:06.295Z",
            "headers": [],
            "params": [],
            "body": {
                "type": "json",
                "raw": "{\n  \"txnID\": 3,\n  \"action\": \"decline\",\n  \"activity\": {\n    \"runID\": \"dede972b-1c8b-4706-8f9b-26f9a108112d\",\n    \"activityID\": \"5\"\n  }\n}",
                "form": []
            },
            "tests": []
        }
    ],
    "settings": {
        "headers": [
            {
                "name": "Content-Type",
                "value": "application/json"
            },
            {
                "name": "Accept",
                "value": "*/*"
            }
        ],
        "options": {
            "baseUrl": "http://localhost:4000/api/v2/workflow"
        }
    }
}