{
  "id": "event",
  "version": "1.0.0",
  "specVersion": "0.8",
  "name": "Event Workflow",
  "description": "Event Hello World",
  "start": "Hello State",
  "functions": [{
    "name": "FunctionName",
    "operation": "{key3: .key1}",
    "type": "expression"
  }],
  "events": [{
    "kind": "consumed",
    "name": "EventName",
    "type": "event-type",
    "source": "event-source"
  }, {
    "kind": "produced",
    "name": "EventName2",
    "type": "event-type2",
    "source": "event-source2"
  }],
  "states": [
    {
      "name":"Hello State",
      "type":"event",
      "onEvents": [{
        "eventRefs": ["EventName"],
        "actions":[{
          "functionRef": {
            "refName": "FunctionName"
          }
        }]
      }],
      "transition": "Hello State Next"
    },
    {
      "name": "Hello State Next",
      "type": "inject",
      "data": {
        "result": "Hello World Next!"
      },
      "end": {
        "terminate": true,
        "produceEvents": [{
          "eventRef": "EventName2"
        }]
      }
    }
  ]
}
