{
  "id": "helloworld",
  "version": "1.0.0",
  "specVersion": "0.8",
  "name": "Hello World Workflow",
  "description": "Inject Hello World",
  "start": "Hello State",
  "states":[
    {
       "name":"Hello State",
       "type":"inject",
       "data": {
          "result": "Hello World!"
       },
       "transition": "Hello State Next"
    },
    {
      "name":"Hello State Next",
      "type":"inject",
      "data": {
         "result": "Hello World Next!"
      },
      "end": true
   }
  ]
}